P13-G4	snv	ins	chrX:25013653	33
P13-G4	str	ins	chrX:25013649:25013698	GCC:49>82
P11-H8	snv	del	chr16:21715122	none
P11-H8	para	snv	chr16:21744915	A>G
P11-H8	snv	snv	chr16:21757209	C>T
P1-H6	hificnv	dup	chr11:116268000-121206000	none
P1-H6	pbsv	bnd	chr11:121205665-chr7:100147315	none
P1-H6	pbsv	bnd	chr11:116279863-chr7:100147312	none
P1-C1	hificnv	dup	chrX:153956001-156040000	none
P1-C1	pbsv	bnd	chrX:153969260-chrX:7803288	none
P1-C1	hificnv	dup	chrX:7534001-7818000	none
P1-C1	hificnv	dup	chrX:6168001-6524000	none
P2-E4	pbsv	bnd	chr13:18582611-chrX:96534390	none
P99-D4	hificnv	del	chr3:1-9586000	none
P99-D4	hificnv	dup	chr22:49246001-50818000	none
P99-D4	pbsv	bnd	chr22:49229149-chr3:9586910	none
P2-G4	hificnv	del	chr16:21750001-22442000	none
P2-G4	hificnv	del	chrY:18298001-23396000	none
P3-A5	snv	ins	chr2:233760233	2
P2-D12	snv	snv	chr6:32038297	C>T
P2-D12	para	snv	chr6:32038297	C>T
P2-D12	snv	snv	chr6:32038514	C>T
P2-D12	para	snv	chr6:32038514	C>T
P2-D12	snv	snv	chr6:32038310	G>A
P2-D12	para	snv	chr6:32038310	G>A
P2-D12	snv	snv	chr6:32038313	T>C
P2-D12	para	snv	chr6:32038313	T>C
P2-D12	snv	snv	chr6:32038320	A>G
P2-D12	para	snv	chr6:32038320	A>G
P3-E11	snv	snv	chr15:43600609	G>A
P3-E11	para_json	cnv	strc	strc:1,strcp1:2
P2-A2	snv	ins	chr14:23321470	19
P2-A2	str	ins	chr14:23321473	CGC:18>36
P3-G2	hificnv	del	chr4:18280001-25012000	none
P3-G2	pbsv	bnd	chr4:18280619-chr7:12879933	none
P3-G2	pbsv	bnd	chr4:25011683-chr7:12830913	none
P3-D10	snv	snv	chr15:43603385	G>A
P3-D10	para	snv	chr15:43603385	G>A
P3-D10	para_json	cnv	strc	strc:1,strcp1:2
P1-D11	pbsv	ins	chr3:63912713	153
P1-D11	str	ins	chr3:63912684-63912726	CAG:42>195
P4-C10	snv	del	chrY:22660001-23362000	none
P4-C10	hificnv	del	chrY:23542001-26104000	none
P1-B3	pbsv	bnd	chr16:77846048-chr13:84950354	none
P1-B3	pbsv	bnd	chr16:77846059-chr13:84950353	none
P3-F9	snv	ins	chr19:13207857	28
P3-F9	str	ins	chr19:13207858	CTG:39>66
P4-H11	pbsv	ins	chr3:129172575	1201
P4-H11	str	ins	chr3:129172576-129172732	CAGG:156>1331
P4-C4	pbsv	bnd	chr3:164313960-chr20:36751903	none
P4-C4	hificnv	dup	chrX:155700001-156040000	none
P4-C4	hificnv	dup	chrX:155803572-155986984	none
P3-E8	snv	ins	chr14:92071008	166
P3-E8	str	ins	chr14:92071009	GCT:33>198
P1-C5	pbsv	ins	chr19:45770203	1967
P1-C5	str	ins	chr19:45770204	CAG:66>1934
P3-A6	pbsv	ins	chr19:45770203	381
P3-A6	str	ins	chr19:45770204-45770264	CAG:60>432
P9-H2	pbsv	ins	chrX:147912048	75
P9-H2	str	ins	chrX:147912050-147912110	CGG:60>135
P10-D1	hificnv	dup	chrY:2780001-18838000	none
P12-C12	para_json	cnv	opn1lw	opn1lw:1,opn1mw:2
P9-B2	pbsv	ins	chrX:147912048	138
P9-B2	str	ins	chrX:147912050-147912110	CGG:60>196
P1-B7	pbsv	bnd	chr8:123121642-chr13:77418150	none
P10-A4	snv	snv	chr6:32039222	G>A
P10-A4	para	snv	chr6:32039222	G>A
P10-A4	snv	snv	chr6:32040535	C>T
P10-A4	snv	snv	chr6:32040728	C>G
P10-A4	para	snv	chr6:32040728	C>G
P10-B4	snv	snv	chr6:32039081	C>G
P10-B4	para_json	cnv	rccx	rccx:3
P13-B4	str	ins	chr12:111598949-111599018	GCT:69>99
P10-H4	pbsv	bnd	chr1:176342441-chr1:225678231	none
P10-C5	str	ins	chr14:23321472-23321490	GCG:18>27
P12-B10	para	del	chr15:43615632	none
P12-B10	para_json	cnv	strc	strc:1
P12-A12	para_json	cnv	strc	strc:0
P12-A12	hificnv	del	chr15:43590001-43676000	none
P11-F11	para_json	cnv	opn1lw	opn1lw:1,opn1mw:2
P9-B1	hificnv	del	chr8:1-7330000	none
P9-B1	hificnv	dup	chr4:1-9666000	none
P13-F4	str	ins	chr6:16327633-16327723	TGC:90>126
P13-H4	pbsv	ins	chr20:2652731	6132
P13-H4	str	ins	chr20:2652733-2652775	CGCCTG:42>6193
P13-E4	pbsv	ins	chr12:6936727	111
P13-E4	str	ins	chr12:6936716-6936773	CAG:57>168
P10-D11	pbsv	bnd	chr5:115745738-chr5:118827664	none
P10-D11	hificnv	del	chr5:115746001-116308000	none
P10-D11	pbsv	bnd	chr5:116526292-chr5:118827664	none
P10-D11	hificnv	del	chr5:116526001-116930000	none
P50-B1	para_json	cnv	opn1lw	opn1lw:2
P50-B1	para_json	cnv	opn1lw	opn1mw:2
P50-B1	snv	snv	chrX:154191716	T>C
P50-C1	para_json	cnv	opn1lw	opn1lw:0
P50-C1	para_json	cnv	opn1lw	opn1mw:3
P50-D1	para_json	cnv	opn1lw	opn1lw:1
P50-D1	para_json	cnv	opn1lw	opn1lw:1
P50-H1	str	ins	chr3:129172576-129172732	AGGC:156>12726
P50-A2	str	ins	chr3:129172576:129172732	CAGG:156>9058
P50-B2	str	ins	chr3:129172576:129172732	CAGG:156>2687
P50-C2	pbsv	del	chr15:67063774-67067017	none
P50-D2	hificnv	dup	chr8:1-2390000	none
P50-D2	hificnv	dup	chr8:2466001-4004000	none
P50-E2	hificnv	dup	chr13:109496001-114364000	none
P50-F2	hificnv	dup	chrX:24950001-53694000	none
P50-F2	pbsv	bnd	chrX:24947429-chrX:53693858	none
P50-H2	hificnv	del	chr15:30106001-32592000	none
P50-H2	pbsv	del	chr15:31062999-31099444	none
P50-A3	snv	snv	chr16:21752505	G>A
P50-A3	para	snv	chr16:21752505	G>A
P50-C3	snv	snv	chr2:151674476	C>T
P50-C3	para	snv	chr2:151674476	C>T
P50-C3	snv	del	chr2:151600438-151600441	none
P50-C3	para	del	chr2:151600438-151600441	none
P50-C3	snv	del	chr2:151589885-151589888	none
P50-C3	para	del	chr2:151589885-151589888	none
P50-D3	snv	snv	chr2:151540695	A>G
P50-D3	para	snv	chr2:151540695	A>G
P50-D3	snv	snv	chr2:151608478	T>A
P50-D3	para	snv	chr2:151608478	T>A
P50-D3	snv	snv	chr2:151597932	T>A
P50-D3	para	snv	chr2:151597932	T>A
P50-D3	snv	snv	chr2:151587379	T>A
P50-D3	para	snv	chr2:151587379	T>A
P50-E3	pbsv	ins	chr19:45770251-45770252	1121
P50-E3	str	ins	chr19:45770204-45770264	CAG:60>1086
P50-F3	pbsv	ins	chr19:45770203-45770204	599
P50-F3	str	ins	chr19:45770204-45770264	CAG:60>676
P50-D4	snv	snv	chr11:2883979	C>A
P50-E4	hificnv	dup	chr15:29266001-32392000	none
P50-E4	hificnv	dup	chr15:22306001-29266000	none
P50-F4	hificnv	del	chr17:45618001-46134000	none
P50-F4	hificnv	del	chr17:46422001-46490000	none
P50-H4	hificnv	del	chr1:196756001-196940000	none
P50-A5	snv	del	chr17:43093577	none
P50-B5	snv	dup	chr13:32333291	none
P50-C5	para_json	cnv	smn1	smn1:0
P50-C5	para_json	cnv	smn1	smn2:1
P50-D5	para_json	cnv	smn1	smn1:0
P50-D5	para_json	cnv	smn1	smn2:4
P50-E5	snv	snv	chr6:118931572	T>A
P50-E5	pbsv	bnd	chr6:118670685-chr6:118797572	none
P50-E5	pbsv	bnd	chr6:118845965-chr6:118729786	none
P50-E5	pbsv	inv	chr6:118762532-118815256	none
P50-E5	pbsv	del	chr6:118637352-118649542	none
P50-F5	hificnv	del	chr15:22614001-28700000	none
P50-G5	hificnv	del	chr15:22528001-28334000	none
P50-H5	snv	snv	chrX:12717680	G>A
P50-H5	hificnv	del	chr16:21786001-22516000	none
P50-A6	snv	snv	chrX:41134755	G>A
P50-B6	para_json	cnv	pms2	pms2:1,pms2cl:3
P50-C6	para	del	chr7:5975990-5977870	none
P50-D6	pbsv	del	chrX:819814-867357	none
P50-E6	pbsv	bnd	chrX:441544-chrX:854058	none
P50-F6	snv	snv	chrX:634746	T>C
P50-G6	pbsv	dup	chrX:670957-870840	none
P50-G6	pbsv	bnd	chrX:670958-chrX:870840	none
P50-H6	snv	del	chr16:2109622-2112934	none
P50-H6	snv	ins	chr16:2109245	314
P50-A7	snv	del	chr16:70903905	none
P50-B7	snv	del	chrX:38286364	none
P50-C7	snv	snv	chr6:32088974	G>A
P50-C7	snv	snv	chr6:32041845	G>A
P50-D7	pbsv	bnd	chrX:1319149-chrX:154030631	none
P50-D7	pbsv	bnd	chrX:154030673-chrX:1243629	none
P50-E7	hificnv	dup	chr3:113270001-113824000	none
P50-E7	hificnv	dup	chr3:113824001-119832000	none
P50-E7	pbsv	bnd	chr3:113691937-chr3:113270700	none
P50-E7	pbsv	bnd	chr3:113373166-chr3:119642679	none
P50-E7	pbsv	bnd	chr3:113823235-chr3:119831483	none
P50-F7	pbsv	del	chr17:43048720-43049230	none
P50-G7	mt	snv	chrMT:3291	T>C:20
P50-H7	str	ins	chrX:147912050-147912110	CGG:60>1298
P50-A8	hificnv	dup	chr19:1802001-2150000	none
P50-A8	pbsv	bnd	chr19:1775688-chr19:2186392	none
P50-A8	pbsv	bnd	chr19:47253060-chr19:49686783	none
P50-A8	hificnv	dup	chr19:47256001-47526000	none
P50-A8	hificnv	dup	chr19:49686001-50056000	none
P50-A8	pbsv	bnd	chr19:49686783-chr19:47253060	none
P50-B8	snv	snv	chr12:6019298	G>A
P50-B8	snv	snv	chr12:6019394	G>A
P50-C8	snv	snv	chr4:154611883	G>C
P50-C8	hificnv	del	chr4:154244001-154584000	none
P50-C8	pbsv	bnd	chr4:154243419-chr4:154583812	none
P50-D8	para	inv	chrX:154890327-155454650	none
P50-E8	hificnv	del	chrX:31812001-31914000	none
P50-E8	pbsv	bnd	chrX:31811984-chrX:31914060	none
P50-E8	hificnv	del	chrX:48380001-53252000	none
P50-E8	pbsv	bnd	chrX:48398916-chrX:53280409	none